[
  {
    "model": "api.category",
    "pk": 1,
    "fields": {
      "name": "Горячее",
      "previewImage": "category-images/hot.png",
      "slug": "goryachee"
    }
  },
  {
    "model": "api.category",
    "pk": 2,
    "fields": {
      "name": "Салаты",
      "previewImage": "category-images/salad.png",
      "slug": "salaty"
    }
  },
  {
    "model": "api.category",
    "pk": 3,
    "fields": {
      "name": "Длинное лого",
      "previewImage": "category-images/ruler.png",
      "slug": "dlinnoe-togo"
    }
  },
  {
    "model": "api.city",
    "pk": 1,
    "fields": {
      "name": "Казань",
      "phoneNumber": "+79328608722",
      "officeAddress": "Адрес 1",
      "coordinates": {
        "lat": 55.7887,
        "long": 49.1221
      }
    }
  },
  {
    "model": "api.product",
    "pk": 1,
    "fields": {
      "name": "Борщ",
      "article": "5229758201",
      "isHiddenInMarket": false,
      "description": "Говядина, картофель, свекла, капуста,лук, зелень.",
      "category": 1,
      "weight": 300,
      "createdAt": "2023-10-16T12:41:26.156Z",
      "updatedAt": "2023-10-16T12:41:26.156Z"
    }
  },
  {
    "model": "api.product",
    "pk": 2,
    "fields": {
      "name": "Лагман",
      "article": "1985801052",
      "isHiddenInMarket": false,
      "description": "Баранина, лапша, картофель, помидоры, капуста,лук, чеснок, зелень.",
      "category": 2,
      "weight": 350,
      "createdAt": "2023-10-16T12:42:52.574Z",
      "updatedAt": "2023-10-16T12:44:19.132Z"
    }
  },
  {
    "model": "api.product",
    "pk": 3,
    "fields": {
      "name": "Окрошка",
      "article": "6353139124",
      "isHiddenInMarket": false,
      "description": "Вареная колбаса, яйцо, картофель, огурцы, сметана, квас, зелень.",
      "category": 2,
      "weight": 500,
      "createdAt": "2023-10-16T12:43:25.997Z",
      "updatedAt": "2023-10-30T20:27:43.043Z"
    }
  },
  {
    "model": "api.product",
    "pk": 4,
    "fields": {
      "name": "Оливье",
      "article": "7039628422",
      "isHiddenInMarket": false,
      "description": "Говядина, картофель, свекла, капуста,лук, зелень.",
      "category": 2,
      "weight": 250,
      "createdAt": "2023-10-16T12:44:07.933Z",
      "updatedAt": "2023-10-16T12:44:07.933Z"
    }
  },
  {
    "model": "api.product",
    "pk": 5,
    "fields": {
      "name": "Винегрет",
      "article": "3070409005",
      "isHiddenInMarket": false,
      "description": "Баранина, лапша, картофель, помидоры, капуста,лук, чеснок, зелень.",
      "category": 2,
      "weight": 380,
      "createdAt": "2023-10-16T12:45:14.800Z",
      "updatedAt": "2023-10-16T12:45:14.801Z"
    }
  },
  {
    "model": "api.product",
    "pk": 6,
    "fields": {
      "name": "Манты",
      "article": "8454153262",
      "isHiddenInMarket": false,
      "description": "Тесто высшего сорта, говядина",
      "category": 1,
      "weight": 1000,
      "createdAt": "2023-10-16T12:46:15.472Z",
      "updatedAt": "2023-10-16T12:46:15.472Z"
    }
  },
  {
    "model": "api.product",
    "pk": 7,
    "fields": {
      "name": "Пельмени",
      "article": "3911169457",
      "isHiddenInMarket": false,
      "description": "Фарш индюшиный, тесто высшего сорта, лук",
      "category": 1,
      "weight": 800,
      "createdAt": "2023-10-16T12:47:18.939Z",
      "updatedAt": "2023-10-16T12:47:18.939Z"
    }
  },
  {
    "model": "api.productimage",
    "pk": 1,
    "fields": {
      "priority": 1,
      "image": "product-images/borsh.jpg",
      "product": 1
    }
  },
  {
    "model": "api.productimage",
    "pk": 2,
    "fields": {
      "priority": 2,
      "image": "product-images/borsh-1.jpg",
      "product": 1
    }
  },
  {
    "model": "api.productimage",
    "pk": 3,
    "fields": {
      "priority": 1,
      "image": "product-images/lagman.jpg",
      "product": 2
    }
  },
  {
    "model": "api.productimage",
    "pk": 4,
    "fields": {
      "priority": 1,
      "image": "product-images/ocroshka.jpg",
      "product": 3
    }
  },
  {
    "model": "api.productimage",
    "pk": 5,
    "fields": {
      "priority": 1,
      "image": "product-images/olivie.jpg",
      "product": 4
    }
  },
  {
    "model": "api.productimage",
    "pk": 6,
    "fields": {
      "priority": 1,
      "image": "product-images/olivie_5OcVHYW.jpg",
      "product": 5
    }
  },
  {
    "model": "api.productimage",
    "pk": 7,
    "fields": {
      "priority": 1,
      "image": "product-images/manty.jpg",
      "product": 6
    }
  },
  {
    "model": "api.productimage",
    "pk": 8,
    "fields": {
      "priority": 1,
      "image": "product-images/pelmeni.jpg",
      "product": 7
    }
  },
  {
    "model": "api.productinfoincity",
    "pk": 1,
    "fields": {
      "city": 1,
      "initialPrice": 100,
      "discountPercent": 0,
      "price": 100,
      "product": 1
    }
  },
  {
    "model": "api.productinfoincity",
    "pk": 2,
    "fields": {
      "city": 1,
      "initialPrice": 240,
      "discountPercent": 0,
      "price": 240,
      "product": 2
    }
  },
  {
    "model": "api.productinfoincity",
    "pk": 3,
    "fields": {
      "city": 1,
      "initialPrice": 180,
      "discountPercent": 0,
      "price": 180,
      "product": 3
    }
  },
  {
    "model": "api.productinfoincity",
    "pk": 4,
    "fields": {
      "city": 1,
      "initialPrice": 230,
      "discountPercent": 0,
      "price": 230,
      "product": 4
    }
  },
  {
    "model": "api.productinfoincity",
    "pk": 5,
    "fields": {
      "city": 1,
      "initialPrice": 140,
      "discountPercent": 0,
      "price": 140,
      "product": 5
    }
  },
  {
    "model": "api.productinfoincity",
    "pk": 6,
    "fields": {
      "city": 1,
      "initialPrice": 800,
      "discountPercent": 0,
      "price": 800,
      "product": 6
    }
  },
  {
    "model": "api.productinfoincity",
    "pk": 7,
    "fields": {
      "city": 1,
      "initialPrice": 500,
      "discountPercent": 0,
      "price": 500,
      "product": 7
    }
  },
  {
    "model": "api.serversetting",
    "pk": 1,
    "fields": {
      "sms_ru_api_key": "AE3867AA-436F-A761-7257-85F5FC9031F8",
      "map_suggest_api_key": "eca4f4e3-01a6-4535-b413-32b353068a95",
      "map_geo_coder_api_key": "a82e27c9-713a-47d7-85fb-01ce265f1fba",
      "defaultUserCashbackPercent": "1.00",
      "minOrderCost": 200,
      "test_yookassa": {
        "shopId": 277160,
        "secretKey": "test_8uosLZ7V3ipp0ipS5AjGO_S64z20k9isZGIaIE7gc3w"
      },
      "yookassa": {
        "shopId": 823848,
        "secretKey": "live_1oQMmS3LiKS61XBOduT5aTJZER8nWbeRSOPp2L5RN8E"
      },
      "useTest": true,
      "isUsed": true
    }
  },
  {
    "model": "api.helpfulinfo",
    "pk": "about",
    "fields": {
      "title": "О нас",
      "icon": "star",
      "markdownContent": "Инфо о нас)",
      "serverSetting": 1
    }
  },
  {
    "model": "api.helpfulinfo",
    "pk": "legalInfo",
    "fields": {
      "title": "Правовая информация",
      "icon": "lock",
      "markdownContent": "# Интересная правовая инфа\r\n\r\nОбычный контент",
      "serverSetting": 1
    }
  },
  {
    "model": "api.baseuser",
    "pk": 1,
    "fields": {
      "password": "pbkdf2_sha256$600000$r6Bf0q6gA4ZzOOwkwyhogJ$04cBCWJDzA7HjTW7XJqV0hbemlAtQBg2xTMuUimkuWA=",
      "last_login": "2023-10-30T20:26:07.186Z",
      "is_superuser": true,
      "username": "+79328608722",
      "is_staff": true,
      "is_active": true,
      "createdAt": "2023-10-14T16:10:47.904Z",
      "groups": [],
      "user_permissions": []
    }
  },
  {
    "model": "api.baseuser",
    "pk": 3,
    "fields": {
      "password": "pbkdf2_sha256$600000$tjTzdGxJZ4EIsYraoV2RSW$ClNJ3WxrU/A19xGAu+qyGulfwkhDOcal0hUyKtTbl5w=",
      "last_login": null,
      "is_superuser": false,
      "username": "+79878615722",
      "is_staff": false,
      "is_active": true,
      "createdAt": "2023-10-15T17:36:08.384Z",
      "groups": [],
      "user_permissions": []
    }
  },
  {
    "model": "api.baseuser",
    "pk": 4,
    "fields": {
      "password": "pbkdf2_sha256$600000$VLjirR2Jf4k6trhEYCpJSU$mijXSdxd7jRYZhwSkTO5pxqUHff/9AVPCQC/L1pOD/M=",
      "last_login": null,
      "is_superuser": false,
      "username": "+79250717978",
      "is_staff": false,
      "is_active": true,
      "createdAt": "2023-10-15T18:28:25.562Z",
      "groups": [],
      "user_permissions": []
    }
  },
  {
    "model": "api.baseuser",
    "pk": 5,
    "fields": {
      "password": "pbkdf2_sha256$600000$UEFMFjPq5iHXcPDogmn3Cj$blNOemhiaDGOTHpTStBvHKCaS+OSisgIWgp6wcP9SS4=",
      "last_login": null,
      "is_superuser": false,
      "username": "+79654504992",
      "is_staff": false,
      "is_active": true,
      "createdAt": "2023-10-15T19:54:47.030Z",
      "groups": [],
      "user_permissions": []
    }
  },
  {
    "model": "api.baseuser",
    "pk": 6,
    "fields": {
      "password": "pbkdf2_sha256$600000$M2btsk0fwIPf6zmnfsuP5v$0f2L5pXv3B8iNcbZ8mN9wg5z1WeCBfIKovFrcaRpgBI=",
      "last_login": null,
      "is_superuser": false,
      "username": "+79878615724",
      "is_staff": false,
      "is_active": true,
      "createdAt": "2023-10-28T06:25:16.844Z",
      "groups": [],
      "user_permissions": []
    }
  },
  {
    "model": "api.customer",
    "pk": 2,
    "fields": {
      "user": 3,
      "isPhoneNumberVerified": false,
      "name": "Петя",
      "bonuses": 0,
      "awaitingDeletion": false,
      "deletionStartDate": null,
      "defaultAddress": null,
      "city": 1
    }
  },
  {
    "model": "api.customer",
    "pk": 3,
    "fields": {
      "user": 4,
      "isPhoneNumberVerified": false,
      "name": "Андрей",
      "bonuses": 0,
      "awaitingDeletion": false,
      "deletionStartDate": null,
      "defaultAddress": 10,
      "city": 1
    }
  },
  {
    "model": "api.customer",
    "pk": 4,
    "fields": {
      "user": 5,
      "isPhoneNumberVerified": false,
      "name": "Анна",
      "bonuses": 0,
      "awaitingDeletion": false,
      "deletionStartDate": null,
      "defaultAddress": null,
      "city": 1
    }
  },
  {
    "model": "api.customer",
    "pk": 5,
    "fields": {
      "user": 6,
      "isPhoneNumberVerified": false,
      "name": "Петя",
      "bonuses": 0,
      "awaitingDeletion": false,
      "deletionStartDate": null,
      "defaultAddress": null,
      "city": 1
    }
  },
  {
    "model": "api.customeraddress",
    "pk": 10,
    "fields": {
      "city": 1,
      "customer": 3,
      "streetAndHouse": "улица Набережная 1 Мая, 23",
      "entrance": "1",
      "floor": "2",
      "flat": "8",
      "hasBeenDeleted": false,
      "comment": "",
      "coords": {
        "lat": "46.34414862961282",
        "long": "48.0271988882201"
      }
    }
  },
  {
    "model": "api.customeraddress",
    "pk": 14,
    "fields": {
      "city": 1,
      "customer": 3,
      "streetAndHouse": "Адмиралтейская улица, 51Б",
      "entrance": "",
      "floor": "",
      "flat": "",
      "hasBeenDeleted": false,
      "comment": "",
      "coords": {
        "lat": "46.35730430043473",
        "long": "48.03686015422572"
      }
    }
  },
  {
    "model": "api.customeraddress",
    "pk": 24,
    "fields": {
      "city": 1,
      "customer": 3,
      "streetAndHouse": "село Икряное",
      "entrance": "",
      "floor": "",
      "flat": "",
      "hasBeenDeleted": false,
      "comment": "",
      "coords": {
        "lat": "46.09627417180782",
        "long": "47.73942108507908"
      }
    }
  },
  {
    "model": "api.customeraddress",
    "pk": 25,
    "fields": {
      "city": 1,
      "customer": 3,
      "streetAndHouse": "село Икряное",
      "entrance": "",
      "floor": "",
      "flat": "",
      "hasBeenDeleted": false,
      "comment": "",
      "coords": {
        "lat": "46.09625993364235",
        "long": "47.73943630283147"
      }
    }
  },
  {
    "model": "api.customeraddress",
    "pk": 26,
    "fields": {
      "city": 1,
      "customer": 3,
      "streetAndHouse": "Зелёная улица, 3",
      "entrance": "Мрр",
      "floor": "Рр",
      "flat": "",
      "hasBeenDeleted": false,
      "comment": "",
      "coords": {
        "lat": "46.09581954180684",
        "long": "47.73074989180038"
      }
    }
  },
  {
    "model": "api.customeraddress",
    "pk": 27,
    "fields": {
      "city": 1,
      "customer": 3,
      "streetAndHouse": "улица Ленина, 5",
      "entrance": "",
      "floor": "",
      "flat": "",
      "hasBeenDeleted": false,
      "comment": "",
      "coords": {
        "lat": "46.09586436105322",
        "long": "47.73773315937831"
      }
    }
  },
  {
    "model": "api.customeraddress",
    "pk": 28,
    "fields": {
      "city": 1,
      "customer": 3,
      "streetAndHouse": "улица Олега Кошевого, 48",
      "entrance": "1",
      "floor": "1",
      "flat": "1",
      "hasBeenDeleted": false,
      "comment": "Я выбрал адрес",
      "coords": {
        "lat": "46.097835752713706",
        "long": "47.73116964366157"
      }
    }
  },
  {
    "model": "api.customeraddress",
    "pk": 57,
    "fields": {
      "city": 1,
      "customer": 2,
      "streetAndHouse": "улица Эллис",
      "entrance": "",
      "floor": "2",
      "flat": "3",
      "hasBeenDeleted": true,
      "comment": "",
      "coords": {
        "lat": "37.785834",
        "long": "-122.406417"
      }
    }
  },
  {
    "model": "api.customeraddress",
    "pk": 60,
    "fields": {
      "city": 1,
      "customer": 2,
      "streetAndHouse": "улица Эллис",
      "entrance": "",
      "floor": "2",
      "flat": "3",
      "hasBeenDeleted": true,
      "comment": "",
      "coords": {
        "lat": "37.785834",
        "long": "-122.406417"
      }
    }
  },
  {
    "model": "api.customeraddress",
    "pk": 61,
    "fields": {
      "city": 1,
      "customer": 2,
      "streetAndHouse": "улица Эллис",
      "entrance": "",
      "floor": "2",
      "flat": "3",
      "hasBeenDeleted": true,
      "comment": "",
      "coords": {
        "lat": "37.785834",
        "long": "-122.406417"
      }
    }
  },
  {
    "model": "api.customeraddress",
    "pk": 64,
    "fields": {
      "city": 1,
      "customer": 2,
      "streetAndHouse": "улица Эллис",
      "entrance": "4",
      "floor": "3",
      "flat": "5",
      "hasBeenDeleted": true,
      "comment": "",
      "coords": {
        "lat": "37.785834",
        "long": "-122.406417"
      }
    }
  },
  {
    "model": "api.customeraddress",
    "pk": 65,
    "fields": {
      "city": 1,
      "customer": 2,
      "streetAndHouse": "улица Эллис",
      "entrance": "4",
      "floor": "3",
      "flat": "5",
      "hasBeenDeleted": true,
      "comment": "",
      "coords": {
        "lat": "37.785834",
        "long": "-122.406417"
      }
    }
  },
  {
    "model": "api.customeraddress",
    "pk": 66,
    "fields": {
      "city": 1,
      "customer": 2,
      "streetAndHouse": "улица Эллис",
      "entrance": "4",
      "floor": "3",
      "flat": "5",
      "hasBeenDeleted": true,
      "comment": "",
      "coords": {
        "lat": "37.785834",
        "long": "-122.406417"
      }
    }
  },
  {
    "model": "api.customeraddress",
    "pk": 67,
    "fields": {
      "city": 1,
      "customer": 2,
      "streetAndHouse": "улица Эллис",
      "entrance": "4",
      "floor": "3",
      "flat": "5",
      "hasBeenDeleted": true,
      "comment": "",
      "coords": {
        "lat": "37.785834",
        "long": "-122.406417"
      }
    }
  },
  {
    "model": "api.customeraddress",
    "pk": 68,
    "fields": {
      "city": 1,
      "customer": 2,
      "streetAndHouse": "улица Эллис",
      "entrance": "4",
      "floor": "3",
      "flat": "5",
      "hasBeenDeleted": true,
      "comment": "",
      "coords": {
        "lat": "37.785834",
        "long": "-122.406417"
      }
    }
  },
  {
    "model": "api.customeraddress",
    "pk": 69,
    "fields": {
      "city": 1,
      "customer": 2,
      "streetAndHouse": "улица Эллис",
      "entrance": "4",
      "floor": "3",
      "flat": "5",
      "hasBeenDeleted": true,
      "comment": "",
      "coords": {
        "lat": "37.785834",
        "long": "-122.406417"
      }
    }
  },
  {
    "model": "api.customeraddress",
    "pk": 70,
    "fields": {
      "city": 1,
      "customer": 2,
      "streetAndHouse": "улица Эллис",
      "entrance": "4",
      "floor": "3",
      "flat": "5",
      "hasBeenDeleted": true,
      "comment": "",
      "coords": {
        "lat": "37.785834",
        "long": "-122.406417"
      }
    }
  },
  {
    "model": "api.customeraddress",
    "pk": 71,
    "fields": {
      "city": 1,
      "customer": 2,
      "streetAndHouse": "улица Эллис",
      "entrance": "4",
      "floor": "3",
      "flat": "5",
      "hasBeenDeleted": true,
      "comment": "",
      "coords": {
        "lat": "37.785834",
        "long": "-122.406417"
      }
    }
  },
  {
    "model": "api.customeraddress",
    "pk": 72,
    "fields": {
      "city": 1,
      "customer": 2,
      "streetAndHouse": "улица Эллис",
      "entrance": "4",
      "floor": "3",
      "flat": "5",
      "hasBeenDeleted": true,
      "comment": "",
      "coords": {
        "lat": "37.785834",
        "long": "-122.406417"
      }
    }
  },
  {
    "model": "api.customeraddress",
    "pk": 73,
    "fields": {
      "city": 1,
      "customer": 2,
      "streetAndHouse": "улица Эллис",
      "entrance": "4",
      "floor": "3",
      "flat": "5",
      "hasBeenDeleted": true,
      "comment": "",
      "coords": {
        "lat": "37.785834",
        "long": "-122.406417"
      }
    }
  },
  {
    "model": "api.customeraddress",
    "pk": 74,
    "fields": {
      "city": 1,
      "customer": 2,
      "streetAndHouse": "улица Эллис",
      "entrance": "4",
      "floor": "3",
      "flat": "5",
      "hasBeenDeleted": true,
      "comment": "",
      "coords": {
        "lat": "37.785834",
        "long": "-122.406417"
      }
    }
  },
  {
    "model": "api.customeraddress",
    "pk": 77,
    "fields": {
      "city": 1,
      "customer": 2,
      "streetAndHouse": "улица Павлюхина, 99Б",
      "entrance": "4",
      "floor": "2",
      "flat": "5",
      "hasBeenDeleted": true,
      "comment": "",
      "coords": {
        "lat": "55.76739800000001",
        "long": "49.15096099999995"
      }
    }
  },
  {
    "model": "api.customeraddress",
    "pk": 78,
    "fields": {
      "city": 1,
      "customer": 2,
      "streetAndHouse": "улица Павлюхина, 99Б",
      "entrance": "4",
      "floor": "2",
      "flat": "5",
      "hasBeenDeleted": true,
      "comment": "",
      "coords": {
        "lat": "55.76739800000001",
        "long": "49.15096099999995"
      }
    }
  },
  {
    "model": "api.customeraddress",
    "pk": 80,
    "fields": {
      "city": 1,
      "customer": 2,
      "streetAndHouse": "улица Эллис",
      "entrance": "",
      "floor": "3",
      "flat": "3",
      "hasBeenDeleted": true,
      "comment": "43",
      "coords": {
        "lat": "37.785834",
        "long": "-122.406417"
      }
    }
  },
  {
    "model": "api.customeraddress",
    "pk": 81,
    "fields": {
      "city": 1,
      "customer": 2,
      "streetAndHouse": "улица Эллис",
      "entrance": "1",
      "floor": "3",
      "flat": "3",
      "hasBeenDeleted": true,
      "comment": "3",
      "coords": {
        "lat": "37.785834",
        "long": "-122.406417"
      }
    }
  },
  {
    "model": "api.customeraddress",
    "pk": 82,
    "fields": {
      "city": 1,
      "customer": 2,
      "streetAndHouse": "улица Эллис",
      "entrance": "1",
      "floor": "3",
      "flat": "3",
      "hasBeenDeleted": true,
      "comment": "3",
      "coords": {
        "lat": "37.785834",
        "long": "-122.406417"
      }
    }
  },
  {
    "model": "api.customeraddress",
    "pk": 83,
    "fields": {
      "city": 1,
      "customer": 2,
      "streetAndHouse": "улица Эллис",
      "entrance": "1",
      "floor": "3",
      "flat": "3",
      "hasBeenDeleted": true,
      "comment": "3",
      "coords": {
        "lat": "37.785834",
        "long": "-122.406417"
      }
    }
  },
  {
    "model": "api.customeraddress",
    "pk": 84,
    "fields": {
      "city": 1,
      "customer": 2,
      "streetAndHouse": "улица Эллис",
      "entrance": "1",
      "floor": "3",
      "flat": "3",
      "hasBeenDeleted": true,
      "comment": "3",
      "coords": {
        "lat": "37.785834",
        "long": "-122.406417"
      }
    }
  },
  {
    "model": "api.customeraddress",
    "pk": 85,
    "fields": {
      "city": 1,
      "customer": 2,
      "streetAndHouse": "улица Эллис",
      "entrance": "",
      "floor": "3",
      "flat": "3",
      "hasBeenDeleted": true,
      "comment": "43",
      "coords": {
        "lat": "37.785834",
        "long": "-122.406417"
      }
    }
  },
  {
    "model": "api.customeraddress",
    "pk": 86,
    "fields": {
      "city": 1,
      "customer": 2,
      "streetAndHouse": "улица Эллис",
      "entrance": "",
      "floor": "3",
      "flat": "3",
      "hasBeenDeleted": true,
      "comment": "43",
      "coords": {
        "lat": "37.785834",
        "long": "-122.406417"
      }
    }
  },
  {
    "model": "api.customeraddress",
    "pk": 87,
    "fields": {
      "city": 1,
      "customer": 2,
      "streetAndHouse": "улица Эллис",
      "entrance": "1",
      "floor": "3",
      "flat": "3",
      "hasBeenDeleted": true,
      "comment": "43",
      "coords": {
        "lat": "37.785834",
        "long": "-122.406417"
      }
    }
  },
  {
    "model": "api.customeraddress",
    "pk": 88,
    "fields": {
      "city": 1,
      "customer": 2,
      "streetAndHouse": "улица Эллис",
      "entrance": "1",
      "floor": "2",
      "flat": "3",
      "hasBeenDeleted": true,
      "comment": "4",
      "coords": {
        "lat": "37.785834",
        "long": "-122.406417"
      }
    }
  },
  {
    "model": "api.customeraddress",
    "pk": 92,
    "fields": {
      "city": 1,
      "customer": 2,
      "streetAndHouse": "Роторная улица, 9",
      "entrance": "1",
      "floor": "1",
      "flat": "3",
      "hasBeenDeleted": false,
      "comment": "Обращаться - Вадим Прасолов",
      "coords": {
        "lat": "55.76578976118422",
        "long": "49.15364111756497"
      }
    }
  }
]
